{"cameraMode":{"drawMode":0,"name":"Shaded","section":"Shading Mode"},"sceneLighting":true,"audioPlay":false,"sceneViewState":{"showFog":true,"showMaterialUpdate":true,"showSkybox":true,"showFlares":true,"showImageEffects":true,"showParticleSystems":true},"in2DMode":false,"pivot":{"x":-7.985809803009033,"y":7.878596782684326,"z":-1.4312316179275513},"rotation":{"x":0.09649581462144852,"y":-0.7195529937744141,"z":0.1021675392985344,"w":0.6800690293312073},"size":20.024173736572267,"orthographic":true}