{"cameraMode":{"drawMode":0,"name":"Shaded","section":"Shading Mode"},"sceneLighting":true,"audioPlay":false,"sceneViewState":{"showFog":true,"showMaterialUpdate":false,"showSkybox":true,"showFlares":true,"showImageEffects":true,"showParticleSystems":true},"in2DMode":false,"pivot":{"x":9.479713439941407,"y":6.457950115203857,"z":-3.7823057174682619},"rotation":{"x":-0.054097846150398257,"y":-0.936609148979187,"z":0.16694611310958863,"w":-0.30337899923324587},"size":7.967355728149414,"orthographic":false}